Cliente,Veiculo,Data,Inicio,Fim,Registros CAN,Km Inicial,Km Final,Km Percorrido,Consumo Combustivel (L),Horas Motor,Media Km/L,Velocidade Media,Velocidade Maxima,Temperatura Motor Media,Temperatura Motor Maxima,Temperatura Ambiente Media,Pressao Ar Media,Pressao Ar Maxima,Economia Combustivel Media,Temperatura Cabine Media
Londrina,1150,27-06-2026,27-06-2026 21:40:28,27-06-2026 21:51:14,642,117381,117381,0,0.446,,0,10.115646258503402,23,49.03846153846154,64,24.857142857142858,1040.7120418848167,1096,28580.330578512396,
Londrina,1150,28-06-2026,28-06-2026 11:01:56,28-06-2026 21:09:12,31114,117381,117545,164,62.905,9,2.6071059534218266,25.30819221395988,66,88.44031311154599,98,30.462244897959184,1040.18901453958,1096,18807.637333333332,0
Londrina,1151,27-06-2026,27-06-2026 20:00:00,27-06-2026 23:31:00,12490,115340,115402,62,23.893,2,2.594902272632152,23.890535533849782,61,87.09571788413098,90,26.40648379052369,1028.7774420946625,1072,18267.48963611239,
Londrina,1151,28-06-2026,28-06-2026 00:29:32,28-06-2026 21:01:06,1314,115402,115403,1,0.82,0,1.2195121951219512,9.953757225433526,30,76.06666666666666,89,32.18181818181818,998.5198237885462,1080,23610.339920948616,0
Londrina,1152,27-06-2026,27-06-2026 21:31:09,27-06-2026 21:47:14,963,120774,120774,0,0.857,,0,10.29585798816568,30,75.5625,85,33.542857142857144,948.7492063492064,1072,19065.594202898552,
Londrina,1152,28-06-2026,28-06-2026 08:21:11,28-06-2026 22:23:10,47750,120774,121021,247,85.051,12,2.9041398690197644,25.6475264233058,67,89.27988748241913,98,30.353507565337,1014.5179800077892,1080,19142.92430717157,0
Londrina,1153,27-06-2026,27-06-2026 20:00:00,27-06-2026 23:59:59,14370,123870,123965,95,32.935,3,2.8844694094428416,25.735871063513944,71,91.34645669291339,93,25.43846153846154,1055.5590863952334,1096,16151.594481873597,
Londrina,1153,28-06-2026,28-06-2026 00:00:00,28-06-2026 20:41:53,2243,123965,123976,11,3.249,0,3.3856571252693137,23.298214285714284,63,87.72,93,29.231578947368423,1041.2675324675324,1088,19068.945216680295,0
Londrina,1154,27-06-2026,27-06-2026 20:00:00,27-06-2026 23:59:59,8876,114966,115014,48,17.802,1,2.696326255476913,23.863154613466335,69,90.03260869565217,94,27.045454545454547,1034.7681660899655,1064,13878.757009345794,
Londrina,1154,28-06-2026,28-06-2026 00:00:00,28-06-2026 23:48:55,19012,115014,115111,97,40.87,5,2.3733790066063127,25.258303772976458,62,89.8173076923077,95,31.545098039215688,1034.4186046511627,1080,16720.059442724458,0
Londrina,1154,29-06-2026,29-06-2026 00:03:55,29-06-2026 00:29:50,1374,115111,115124,13,3.556,0,3.655793025871766,33.488013698630134,73,81.19047619047619,91,25,1051.404255319149,1080,15666.778443113772,
Londrina,1155,27-06-2026,27-06-2026 20:00:00,27-06-2026 23:00:34,10683,118973,119028,55,16.986,2,3.23796067349582,22.07724742789678,54,89.51239669421487,93,27.661971830985916,1027.115910727142,1072,19122.065785428837,
Londrina,1155,28-06-2026,28-06-2026 02:01:47,28-06-2026 22:54:11,4140,119028,119049,21,6.189,1,3.3931168201648085,32.55172413793103,65,67.68831168831169,90,28.571428571428573,989.8129496402878,1080,20786.47655748234,0
Londrina,1156,27-06-2026,27-06-2026 20:00:00,27-06-2026 22:51:10,10045,138815,138878,63,20.809,1,3.0275361622374932,28.446509110589933,69,90.65432098765432,93,27.28980891719745,1045.3400250941029,1088,18435.52049603858,
Londrina,1156,28-06-2026,28-06-2026 00:05:01,28-06-2026 23:13:14,35865,138878,139070,192,78.946,9,2.4320421553973604,25.28185599308594,66,89.29390018484288,102,31.14905814905815,1042.1950549450548,1088,18443.753370258124,0
Londrina,1157,27-06-2026,27-06-2026 20:11:52,27-06-2026 23:15:30,10881,114132,114187,55,24.098,2,2.282347082745456,24.436637851756483,68,90.09309309309309,99,28.637413394919168,1036.11,1080,17197.85373190449,
Londrina,1157,28-06-2026,28-06-2026 00:31:08,28-06-2026 20:46:53,760,114187,114188,1,0.579,0,1.7271157167530227,9.844696969696969,27,56.05,86,30.869565217391305,971.6622222222222,1080,24712.730864197532,0
Londrina,1158,27-06-2026,27-06-2026 20:00:00,27-06-2026 23:21:08,11921,95643,95703,60,22.963,2,2.6128990114532074,24.157877865042476,67,90.39402173913044,94,25.49003984063745,1038.9873890705278,1088,17195.97165742452,
Londrina,1158,28-06-2026,28-06-2026 00:23:31,28-06-2026 23:59:59,69389,95703,96088,385,141.115,19,2.728271268114658,24.695410292072324,70,88.92007266121708,97,26.613468634686345,1039.0366842149244,1088,19500.821317542563,0
Londrina,1158,29-06-2026,29-06-2026 00:00:00,29-06-2026 00:35:28,2073,96088,96093,5,1.194,,4.1876046901172534,24.616541353383457,64,84.2258064516129,89,28.857142857142858,1026.7701492537312,1080,20799.954802259886,
Londrina,1159,27-06-2026,27-06-2026 20:22:05,27-06-2026 20:40:30,1104,99549,99549,0,0.626,,0,8.784313725490197,23,72.86363636363636,81,29.82857142857143,1045.7513513513513,1096,20975.768786127166,
Londrina,1161,27-06-2026,27-06-2026 20:00:00,27-06-2026 23:24:54,12033,106882,106949,67,25.73,3,2.6039642440730666,24.931677931237143,69,86.1,90,26.0974930362117,1051.510658016682,1088,18071.418099161812,
Londrina,1161,28-06-2026,28-06-2026 00:19:16,28-06-2026 23:58:34,67502,106949,107330,381,137.75,19,2.765880217785844,23.96378211597797,66,85.75624421831637,90,27.233842538190363,1052.5339185192252,1104,20176.719475990765,0
Londrina,1161,29-06-2026,29-06-2026 00:09:59,29-06-2026 00:20:57,654,,,,0.432,,,6.801587301587301,23,84,86,39.666666666666664,1043.357142857143,1080,22777.31216931217,
Londrina,1162,27-06-2026,27-06-2026 22:29:39,27-06-2026 22:55:52,1470,99721,99730,9,2.555,0,3.522504892367906,26.197050938337803,60,77.74137931034483,87,26.19047619047619,986.2,1088,18942.22118742724,
Londrina,1162,28-06-2026,28-06-2026 02:12:38,28-06-2026 20:22:57,2582,99730,99730,0,1.039,0,0,9.858181818181817,31,56.05172413793103,85,28.045454545454547,865.4669509594883,1096,24360.133016627078,0
Londrina,1163,27-06-2026,27-06-2026 20:00:00,27-06-2026 22:31:01,9043,93720,93768,48,16.812,2,2.8551034975017844,23.210866261398177,66,88.75384615384615,93,25.188034188034187,962.7350808700502,1104,18362.764227642278,
Londrina,1164,27-06-2026,27-06-2026 20:00:00,27-06-2026 22:28:45,8821,94196,94237,41,15.216,2,2.6945320715036805,21.53418903150525,56,88.85090909090908,93,27.905844155844157,1044.6345698500395,1080,19018.34831951113,
Londrina,1164,28-06-2026,28-06-2026 01:41:31,28-06-2026 21:36:16,43708,94237,94476,239,83.755,12,2.853560981433944,24.732160758224733,65,88.2990291262136,99,30.644943820224718,1040.4673374380538,1096,19652.422499279925,0
Londrina,1165,27-06-2026,27-06-2026 20:00:00,27-06-2026 22:25:47,3968,101253,101278,25,9.897,0,2.526017985248055,26.41521486643438,63,85.6086956521739,88,25.130434782608695,1019.904,1072,14296.515513126491,
Londrina,1165,28-06-2026,28-06-2026 00:24:49,28-06-2026 21:45:28,27292,101278,101433,155,64.52,8,2.4023558586484812,25.211515863689776,66,84.8344827586207,91,28.484496124031008,1022.0425531914893,1088,15074.60465116279,0
Londrina,1165,29-06-2026,29-06-2026 02:56:16,29-06-2026 02:56:20,5,,,,,,,,,,,34,544,544,,
Londrina,1166,27-06-2026,27-06-2026 20:05:34,27-06-2026 20:22:42,795,,,,0.607,0,,8.864583333333334,21,55.57575757575758,72,25.923076923076923,1040.5057471264367,1104,21075.833333333332,
Londrina,1167,27-06-2026,27-06-2026 20:00:00,27-06-2026 23:59:18,14073,101322,101399,77,27.012,2,2.8505849252184214,24.168453916112394,66,89.90849673202614,96,25.710247349823323,1045.1456888007929,1088,18081.959811461176,
Londrina,1167,28-06-2026,28-06-2026 00:02:19,28-06-2026 20:42:32,40876,101399,101611,212,77.203,10,2.7460072795098633,24.568006930642614,66,88.65429234338747,96,30.61382598331347,1046.040187541862,1104,18701.517874351797,0
Londrina,2103,28-06-2026,28-06-2026 16:02:22,28-06-2026 16:03:08,47,348846,348846,0,227.812,22127,0,0,0,15.666666666666666,24,0,0,0,0,0
Londrina,2104,27-06-2026,27-06-2026 20:49:32,27-06-2026 21:05:22,946,,,,0,,,9.526315789473685,24,48.666666666666664,66,,,,,
Londrina,2104,28-06-2026,28-06-2026 15:53:56,28-06-2026 15:55:01,66,362551,362551,0,0,0,,0,0,45,66,0,0,0,0,0
Londrina,2106,28-06-2026,28-06-2026 15:49:23,28-06-2026 15:49:57,35,334120,334120,0,0,0,,0,0,43.5,65,0,0,0,0,0
Londrina,2106,29-06-2026,29-06-2026 00:30:06,29-06-2026 00:30:30,27,,,,0,,,,,33.5,34,,,,,
Londrina,2107,27-06-2026,27-06-2026 20:41:22,27-06-2026 20:49:49,478,321832,321832,0,0,,,12.223684210526315,26,48,48,,,,,
Londrina,2107,28-06-2026,28-06-2026 15:55:35,28-06-2026 15:56:13,37,321832,321832,0,0,0,,0,0,48,48,0,0,0,0,0
Londrina,2107,29-06-2026,29-06-2026 02:59:57,29-06-2026 02:59:59,3,,,,,,,,,21,21,,,,,
Londrina,2109,28-06-2026,28-06-2026 17:25:06,28-06-2026 17:26:14,68,333088,333088,0,0,0,,0,0,53,84,0,0,0,0,0
Londrina,3002,27-06-2026,27-06-2026 21:25:40,27-06-2026 21:41:19,938,217019,217019,0,0.659,,0,9.115606936416185,26,63.92857142857143,85,28,842.4030418250951,1016,26043.802281368822,
Londrina,3002,29-06-2026,29-06-2026 02:55:21,29-06-2026 02:58:20,180,217019,217019,0,0.086,1,0,0,0,30,34,23,757.4468085106383,920,0,0
Londrina,3003,27-06-2026,27-06-2026 20:50:00,27-06-2026 21:03:47,771,215501,215501,0,0.506,0,0,8.93939393939394,24,81.66666666666667,85,37.63636363636363,975.2727272727273,1200,19841.636363636364,
Londrina,3005,27-06-2026,27-06-2026 20:18:55,27-06-2026 20:34:26,850,,,,0.659,,,9.354545454545455,22,54.90909090909091,68,23.5,893.625,1128,23812,
Londrina,3006,27-06-2026,27-06-2026 20:00:00,27-06-2026 23:59:59,13235,212166,212240,74,29.995,2,2.467077846307718,21.988083291520322,53,89.17066666666666,95,25.583756345177665,995.7144022847817,1128,17254.336240310076,
Londrina,3006,28-06-2026,28-06-2026 00:00:00,28-06-2026 05:28:00,3761,212240,212256,16,6.8,0,2.3529411764705883,23.904869762174407,67,85.0625,93,29.379746835443036,982.6100795755968,1120,17101.318777292578,0
Londrina,3006,29-06-2026,29-06-2026 02:56:57,29-06-2026 02:57:02,5,,,,0,0,,,,0,0,0,0,0,0,
Londrina,3011,27-06-2026,27-06-2026 20:00:00,27-06-2026 21:15:06,4009,200902,200927,25,10.624,1,2.3531626506024095,26.309978768577494,72,87,90,25.42222222222222,921.9710144927536,1024,13693.839285714286,
Londrina,3011,29-06-2026,29-06-2026 02:58:47,29-06-2026 02:58:51,5,200927,200927,0,0,0,,0,0,83,83,28,912,912,4000,0
Londrina,3013,27-06-2026,27-06-2026 21:29:49,27-06-2026 21:46:00,897,211034,211034,0,0.663,,0,8.732919254658386,25,69.4,81,26.5,921.1428571428571,1008,18566.309859154928,
Londrina,3013,29-06-2026,29-06-2026 02:55:29,29-06-2026 02:55:31,3,211034,211034,0,0,0,,0,0,81,81,27,912,912,0,0
Londrina,3014,27-06-2026,27-06-2026 21:08:09,27-06-2026 21:21:51,821,,,,0.786,,,11.474025974025974,27,49.371428571428574,75,25.555555555555557,880.6382978723404,1136,15982.30588235294,
Londrina,3016,28-06-2026,28-06-2026 00:27:40,28-06-2026 00:31:25,115,173749,173749,0,0.132,0,0,0,0,48,50,21,914.5531914893617,1024,0,0
Londrina,3017,28-06-2026,28-06-2026 23:58:05,28-06-2026 23:58:32,28,176093,176093,0,0.009,0,0,0,0,49,53,23,952,968,0,0
Londrina,3019,28-06-2026,28-06-2026 23:27:03,28-06-2026 23:27:22,22,177701,177701,0,0.024,0,0,0,0,45.2,46,22,1140,1144,0,0
Londrina,3020,29-06-2026,29-06-2026 02:57:45,29-06-2026 02:57:49,5,161799,161799,0,0,0,,0,0,81,81,22,400,400,0,0
Londrina,3023,27-06-2026,27-06-2026 21:06:11,27-06-2026 21:44:19,1101,178119,178119,0,0.746,0,0,9.151785714285714,22,64,79,26.5,820.6265060240963,1112,20592.68085106383,
Londrina,3023,29-06-2026,29-06-2026 02:56:06,29-06-2026 02:59:59,221,178119,178119,0,0.124,0,0,0,0,39.166666666666664,79,26.5,580.4444444444445,968,28000,0
Londrina,3028,27-06-2026,27-06-2026 21:07:03,27-06-2026 21:33:13,1567,168925,168925,0,0.628,,0,11.421052631578947,28,54.5,75,26.333333333333332,863.4567901234568,1048,26760.969696969696,
Londrina,3028,28-06-2026,28-06-2026 22:58:36,28-06-2026 23:02:44,249,168925,168925,0,0.253,0,0,7.6938775510204085,15,44.1875,75,25,663.9432624113475,944,25334.20895522388,0
Londrina,3028,29-06-2026,29-06-2026 01:11:45,29-06-2026 01:23:34,709,168925,168927,2,1.249,0,1.6012810248198557,20.238805970149254,44,66.66037735849056,86,24.75,790.1492537313433,1048,17578.30065359477,
Londrina,3029,28-06-2026,28-06-2026 12:15:48,28-06-2026 23:40:02,27,169981,169981,0,0.001,0,0,0,0,86,86,43,912,928,0,0
Londrina,3033,29-06-2026,29-06-2026 02:59:27,29-06-2026 02:59:29,3,163649,163649,0,0,0,,0,0,83,83,25,808,808,17000,0
Londrina,3034,29-06-2026,29-06-2026 00:34:08,29-06-2026 00:34:34,26,155532,155532,0,0.015,0,0,0,0,31,31,0,589.3333333333334,616,0,0
Londrina,3038,29-06-2026,29-06-2026 02:54:30,29-06-2026 02:54:36,7,154412,154412,0,0,0,,0,0,80,80,28,48,48,0,0
Londrina,3039,29-06-2026,29-06-2026 02:54:29,29-06-2026 02:54:49,21,158674,158674,0,0,0,,0,0,86,86,25.5,389.6,416,12000,0
Londrina,3040,29-06-2026,29-06-2026 02:59:48,29-06-2026 02:59:56,9,177756,177756,0,0.059,0,0,0,0,53,84,27,344,376,0,0
Londrina,3042,28-06-2026,28-06-2026 06:27:31,28-06-2026 06:27:56,26,165933,165933,0,0.035,0,0,0,0,37,39,0,0,0,0,0
Londrina,3046,28-06-2026,28-06-2026 08:36:40,28-06-2026 08:43:02,190,155912,155912,0,0.798,0,0,0,0,60,82,23,927.6521739130435,992,0,0
Londrina,3047,27-06-2026,27-06-2026 22:54:25,27-06-2026 23:59:59,939,161733,161733,0,0.999,0,0,13.535315985130111,36,56.1764705882353,75,29.6,833.993265993266,1136,23450.70588235294,
Londrina,3047,28-06-2026,28-06-2026 00:00:00,28-06-2026 20:15:49,5610,161733,161748,15,7.429,0,2.0191142818683536,18.943582510578278,56,73.65760869565217,96,29.333333333333332,899.1683708248125,1152,18111.370491803278,0
Londrina,3051,29-06-2026,29-06-2026 01:04:58,29-06-2026 01:05:29,23,153767,153767,0,0.045,0,0,0,0,79.5,81,22,912,912,0,0
Londrina,3052,29-06-2026,29-06-2026 02:57:05,29-06-2026 02:57:09,5,149670,149670,0,0,0,,0,0,82,82,30,392,392,0,0
Londrina,3053,29-06-2026,29-06-2026 02:55:29,29-06-2026 02:55:34,4,167476,167476,0,0,0,,0,0,84,84,25,372,376,0,0
Londrina,3060,27-06-2026,27-06-2026 20:00:00,27-06-2026 21:16:32,1627,223486,223490,4,2.336,0,1.7123287671232879,20.26865671641791,58,85.11111111111111,93,32.810810810810814,867.2929292929293,1072,17849.668839634942,
Londrina,3060,28-06-2026,28-06-2026 04:48:18,28-06-2026 23:59:59,56116,223490,223930,440,131.394,15,3.3487069424783473,28.913431369874225,79,86.79237463738086,98,25.06256627783669,910.1285740302313,1104,16970.818792602186,0
Londrina,3060,29-06-2026,29-06-2026 00:00:00,29-06-2026 01:16:23,4256,223930,223952,22,6.472,1,3.399258343634116,28.641888225718937,71,86.13333333333334,94,28.985915492957748,909.4777376654633,1096,18306.467461044915,
Londrina,3061,27-06-2026,27-06-2026 20:00:00,27-06-2026 23:59:59,11774,169806,169873,67,29.132,3,2.2998764245503227,24.146700575558828,63,85.74342928660826,94,25.92664092664093,938.0164962058726,1032,17165.60848202741,
Londrina,3061,28-06-2026,28-06-2026 00:00:00,28-06-2026 00:38:08,2139,169873,169883,10,4.493,,2.2256843979523704,25.995704467353953,69,85.0609756097561,94,24.363636363636363,939.7021276595744,1032,17537.144792548686,
Londrina,3061,29-06-2026,29-06-2026 02:48:50,29-06-2026 02:48:54,5,169883,169883,0,0,0,,0,0,85,85,25,424,424,4464,0
Londrina,3062,28-06-2026,28-06-2026 01:27:09,28-06-2026 20:47:16,190,199626,199627,1,37356.321,11397,0.000026769231370508887,8.127272727272727,31,54,83,22,815.2727272727273,992,26500,0
Londrina,3065,27-06-2026,27-06-2026 21:15:02,27-06-2026 21:40:53,1548,,,,0.521,,,8.329411764705883,23,56.026315789473685,78,26.454545454545453,842.8725868725869,1200,26961.767441860466,
Londrina,3065,29-06-2026,29-06-2026 02:51:02,29-06-2026 02:51:08,7,240123,240123,0,0.165,0,0,0,0,23,23,24.5,424,424,0,0
Londrina,3066,29-06-2026,29-06-2026 02:53:03,29-06-2026 02:59:59,416,203436,203436,0,0.169,0,0,0,0,40.8,85,23,576.561403508772,696,0,0
Londrina,3067,27-06-2026,27-06-2026 20:00:00,27-06-2026 23:59:59,11241,201903,201951,48,14.726,2,3.259540947983159,18.41158004883153,50,84.77,90,26.52755905511811,918.8251544892767,1088,19621.150553407122,
Londrina,3067,28-06-2026,28-06-2026 00:00:00,28-06-2026 00:12:23,742,,,,0.15,,,11.40625,25,83.75,86,34.75,859.5409836065573,912,20399.85714285714,
Londrina,3068,27-06-2026,27-06-2026 20:00:00,27-06-2026 22:02:19,5099,187822,187845,23,6.894,0,3.3362344067304903,25.505698005698004,77,86.65957446808511,94,28.182608695652174,950.6759906759906,1064,18978.69306930693,
Londrina,3068,29-06-2026,29-06-2026 02:52:33,29-06-2026 02:52:37,5,187845,187845,0,0,0,,0,0,84,84,26,388,424,43000,0
Londrina,3069,27-06-2026,27-06-2026 20:33:38,27-06-2026 20:36:03,145,,,,0.178,,,8.74698795180723,20,36.476190476190474,46,24,914.1587301587301,1064,29676.38260869565,
Londrina,3071,29-06-2026,29-06-2026 02:51:38,29-06-2026 02:51:43,5,173653,173653,0,0,0,,0,0,55,55,21,604,840,12000,0
Londrina,3072,27-06-2026,27-06-2026 20:06:52,27-06-2026 23:59:59,8704,195476,195546,70,18.757,1,3.73194007570507,32.342286348501666,81,86.72043010752688,95,27.40963855421687,927.27665317139,992,17942.244725738397,
Londrina,3072,28-06-2026,28-06-2026 00:00:00,28-06-2026 00:14:36,875,195546,195547,1,0.276,0,3.623188405797101,9.173469387755102,23,84.42424242424242,87,32.35294117647059,930.6486486486486,992,25035.23076923077,
Londrina,3074,27-06-2026,27-06-2026 20:00:00,27-06-2026 21:32:04,4804,196147,196165,18,7.875,0,2.2857142857142856,21.46285018270402,70,87.04,93,29.69090909090909,927.0190735694823,1016,15538.262443438914,
Londrina,3074,29-06-2026,29-06-2026 02:49:43,29-06-2026 02:50:32,43,,3722304989,,3708801.792,3722304989,,3754.6666666666665,11264,11.5,23,11.5,299.2,376,256.3333333333333,0
Londrina,3075,29-06-2026,29-06-2026 02:52:55,29-06-2026 02:52:59,5,182447,182447,0,0,0,,0,0,50,50,33,728,728,62000,0
Londrina,3077,29-06-2026,29-06-2026 02:48:50,29-06-2026 02:59:59,669,180073,180073,0,0.278,0,0,0,0,36.23076923076923,82,24.428571428571427,578.8363636363637,704,0,0
Londrina,3078,27-06-2026,27-06-2026 22:03:50,27-06-2026 22:08:36,286,185791,185791,0,0.267,,0,10.135802469135802,22,46,58,24,652.2074074074075,872,27951.513043478262,
Londrina,3078,28-06-2026,28-06-2026 05:24:47,28-06-2026 05:44:42,1194,185791,185797,6,1.787,1,3.3575825405707893,25.91320754716981,61,68.38666666666667,88,20,814.3903903903904,992,23107.846689895472,0
Londrina,3078,29-06-2026,29-06-2026 02:48:27,29-06-2026 02:48:35,9,,,,0,0,,0,0,0,0,15.5,392,392,0,
Londrina,3079,27-06-2026,27-06-2026 20:00:00,27-06-2026 23:59:59,11531,180609,180703,94,29.582,3,3.177608004867825,31.565607476635513,81,85.4648888888889,91,25.454545454545453,915.4399178363574,992,17127.468905799004,
Londrina,3079,28-06-2026,28-06-2026 00:00:00,28-06-2026 23:55:00,55977,180703,181143,440,130.201,15,3.3793903272632315,30.416183456183457,87,85.22309482257127,91,26.45318352059925,911.9766745952581,1000,16809.337065610704,0
Londrina,3079,29-06-2026,29-06-2026 00:09:55,29-06-2026 02:48:12,1332,181143,181144,1,0.563,,1.7761989342806397,7.078651685393258,23,83.5,87,34.483870967741936,889.3812949640288,984,28740.688046647232,
Londrina,3081,27-06-2026,27-06-2026 20:06:10,27-06-2026 23:47:15,10885,184041,184092,51,19.192,2,2.657357232180075,19.29230997624703,59,86.97183098591549,95,27.464882943143813,1087.2941176470588,1200,18005.01262594057,
Londrina,3081,28-06-2026,28-06-2026 00:03:02,28-06-2026 00:10:16,434,184092,184093,1,0.337,,2.9673590504451037,11.395348837209303,23,83.76315789473684,92,36.92307692307692,1054.0671140939598,1200,25460.152671755724,
Londrina,3082,27-06-2026,27-06-2026 21:56:47,27-06-2026 22:09:10,694,,,,0.526,,,9.619469026548673,27,60.785714285714285,77,26.333333333333332,765.3620071684588,1144,29536.306784660766,
Londrina,3083,29-06-2026,29-06-2026 02:51:12,29-06-2026 02:51:16,5,195633,195633,0,0,0,,0,0,22,22,23,400,400,26000,0
Londrina,3084,27-06-2026,27-06-2026 20:00:00,27-06-2026 23:58:45,11445,181750,181816,66,24.949,2,2.6453966090825283,24.228953806303064,65,88.44642857142857,97,25.68831168831169,929.0243581303489,1016,17509.72329828445,
Londrina,3084,28-06-2026,28-06-2026 00:24:29,28-06-2026 01:55:29,4255,181816,181830,14,5.752,0,2.4339360222531297,25.084420041180508,65,86.43558282208589,95,29.32323232323232,927.4932821497121,1016,20389.63582089552,
Londrina,3084,29-06-2026,29-06-2026 02:48:09,29-06-2026 02:48:13,5,181830,181830,0,0,0,,0,0,23,23,23,464,464,2464,0
Londrina,3085,27-06-2026,27-06-2026 20:00:00,27-06-2026 23:59:59,8710,193968,194025,57,18.153,2,3.1399768633283758,23.04848628192999,55,86.5725806451613,93,26.3302752293578,916.9026128266033,1072,15899.42857142857,
Londrina,3085,28-06-2026,28-06-2026 00:00:00,28-06-2026 00:48:25,2125,194025,194035,10,3.074,,3.2530904359141184,21.468110709987965,63,86.26470588235294,96,26.964285714285715,936.6282722513089,1064,14553.29460580913,
Londrina,3087,27-06-2026,27-06-2026 22:00:33,27-06-2026 22:02:57,145,,,,0.175,0,,9.296296296296296,24,35,43,24.5,891.3103448275862,992,24403.93442622951,
Londrina,3087,28-06-2026,28-06-2026 07:26:51,28-06-2026 23:59:59,8476,180997,181015,18,6.814,1,2.6416201937188144,23.027106949236078,62,69.34375,93,33.58730158730159,918.8982035928144,1000,20322.254826254826,0
Londrina,3087,29-06-2026,29-06-2026 00:00:00,29-06-2026 02:47:37,1530,181015,181023,8,2.553,,3.1335683509596555,23.80223880597015,67,86.13953488372093,93,31.23076923076923,913.189448441247,992,21169.956626506024,
Londrina,3088,29-06-2026,29-06-2026 02:47:51,29-06-2026 02:47:55,5,203571,203571,0,0,0,,0,0,53.5,84,26,12,16,22464,0
Londrina,3089,27-06-2026,27-06-2026 21:36:48,27-06-2026 22:00:20,734,175689,175689,0,0.428,0,0,8.280373831775702,28,57,74,23.76923076923077,923.1145038167939,1040,20739.844522968197,
Londrina,3089,29-06-2026,29-06-2026 02:52:14,29-06-2026 02:52:18,5,175689,175689,0,0,0,,0,0,74,74,24,752,752,0,0
Londrina,3090,29-06-2026,29-06-2026 02:51:00,29-06-2026 02:59:59,539,166348,166348,0,0.172,0,0,0,0,38.94117647058823,86,23.5,592.3636363636364,696,500,0
Londrina,3091,27-06-2026,27-06-2026 20:01:45,27-06-2026 20:13:27,702,172621,172621,0,0.457,,0,12.26241134751773,24,82.3913043478261,86,35.38095238095238,940.6618705035971,1016,19451.113513513512,
Londrina,3092,28-06-2026,28-06-2026 04:25:38,28-06-2026 20:19:41,1879,162837,162840,3,1.447,1,2.073255010366275,17.247813411078717,53,62.93333333333333,84,23.25925925925926,720.330383480826,992,19764.98947368421,0
Londrina,3092,29-06-2026,29-06-2026 02:47:51,29-06-2026 02:47:55,5,,,,,,,,,,,,,,,
Londrina,3093,29-06-2026,29-06-2026 02:47:18,29-06-2026 02:47:22,4,179551,179551,0,0,0,,0,0,22,22,23,580,584,0,0
Londrina,3094,29-06-2026,29-06-2026 02:48:25,29-06-2026 02:59:59,693,165289,165289,0,0.219,0,0,0,0,35.95454545454545,88,24.25,623.75,712,0,0
Londrina,3095,28-06-2026,28-06-2026 16:01:55,28-06-2026 16:01:55,1,,,,,,,,,,,,,,,
Londrina,3095,29-06-2026,29-06-2026 02:50:13,29-06-2026 02:50:18,6,185922,185922,0,0,0,,0,0,39.5,58,23,708,888,0,0
Londrina,3101,27-06-2026,27-06-2026 20:12:39,27-06-2026 20:31:56,1097,201525,201525,0,0.368,0,0,8.335877862595419,22,67.5,77,31.153846153846153,898.1605839416059,1152,23335.428571428572,
Londrina,3102,27-06-2026,27-06-2026 20:00:00,27-06-2026 23:59:59,12618,204326,204379,53,18.998,2,2.78976734393094,17.569767441860463,55,90.875,95,26.06959706959707,910.1056218057921,1104,21436.009944358942,
Londrina,3102,28-06-2026,28-06-2026 00:00:00,28-06-2026 21:10:53,3651,204379,204392,13,5.239,0,2.4813895781637716,21.490801576872535,59,75.77272727272727,94,30.717391304347824,837.4697286012527,1112,21094.5408,0
Londrina,3103,27-06-2026,27-06-2026 20:00:00,27-06-2026 23:59:59,14369,189593,189656,63,21.413,3,2.9421379535796013,21.616025116025117,58,87.54906054279749,91,26.076923076923077,962.638570774164,1120,18947.023792003925,
Londrina,3103,28-06-2026,28-06-2026 00:00:00,28-06-2026 20:33:40,2486,189656,189664,8,2.922,0,2.737850787132101,21.45279187817259,53,80.92857142857143,91,27.548387096774192,886.8148148148148,1112,21254.438675022382,0
Londrina,3104,28-06-2026,28-06-2026 08:09:16,28-06-2026 17:42:42,3,207559,207559,0,0,0,,41,41,84,84,14,1016,1016,7000,0
Londrina,3105,27-06-2026,27-06-2026 20:00:00,27-06-2026 23:59:59,13240,210813,210905,92,37.792,3,2.4343776460626585,26.03623417721519,53,92.52173913043478,99,22.45128205128205,953.3107747105967,1112,14288.59437751004,
Londrina,3105,28-06-2026,28-06-2026 00:00:00,28-06-2026 09:29:13,4651,210905,210924,19,7.281,0,2.6095316577393217,20.12289685442575,52,86.65217391304348,94,24.646153846153847,935.3260869565217,1088,16746.37777777778,0
Londrina,3106,27-06-2026,27-06-2026 20:00:00,27-06-2026 23:59:59,13284,182610,182680,70,28.252,3,2.4777006937561943,22.866829779797275,59,86.76190476190476,91,25.12578616352201,993.531167690957,1144,15312.413098236775,
Londrina,3106,28-06-2026,28-06-2026 00:00:00,28-06-2026 01:39:36,4178,182680,182697,17,6.425,0,2.6459143968871595,23.216174183514774,70,85.2127659574468,90,26.8,984.5393258426966,1144,17526.133333333335,
Londrina,3108,27-06-2026,27-06-2026 20:37:35,27-06-2026 21:38:13,241,,,,0.182,,,7.956896551724138,23,37.76923076923077,44,25.5,876.3564356435644,1080,26122.5,
Londrina,3108,29-06-2026,29-06-2026 02:58:09,29-06-2026 02:58:13,5,111776,111776,0,0,0,,0,0,33,44,24,300,304,24464,0
Londrina,3109,28-06-2026,28-06-2026 08:38:28,28-06-2026 20:35:34,2611,116380,116381,1,1.022,0,0.9784735812133072,11.254716981132075,29,52.65217391304348,84,30,1058.8181818181818,1200,23037.406896551725,0
Londrina,3110,27-06-2026,27-06-2026 20:36:42,27-06-2026 20:38:42,114,,,,0.018,,,4.384615384615385,12,47,48,,950.2222222222222,1088,33562.5,
Londrina,3111,28-06-2026,28-06-2026 20:42:57,28-06-2026 20:54:35,641,109871,109872,1,0.427,1,2.34192037470726,14.884057971014492,26,51.6,81,27,813.1063829787234,1080,14900.74074074074,0
Londrina,3112,27-06-2026,27-06-2026 20:50:49,27-06-2026 23:59:59,787,121684,121686,2,0.949,0,2.107481559536354,16.45149253731343,40,74,86,32.625,877.3333333333334,1056,21363.545454545456,
Londrina,3112,28-06-2026,28-06-2026 00:00:00,28-06-2026 19:56:03,49133,121686,121986,300,131.724,14,2.27748929580031,25.031475023776096,72,90.00184842883549,97,28.32208922742111,1012.7851357789424,1064,16703.062008414123,0
Londrina,3112,29-06-2026,29-06-2026 02:54:30,29-06-2026 02:54:34,5,,,,,,,,,,,,,,,
Londrina,3113,27-06-2026,27-06-2026 20:00:01,27-06-2026 23:59:59,13244,125551,125623,72,28.869,3,2.49402473241193,24.752784371006026,64,89.92366412213741,93,,1028.489733840304,1072,15386.99703264095,
Londrina,3113,28-06-2026,28-06-2026 00:00:00,28-06-2026 23:59:59,66976,125623,126026,403,161.229,18,2.499550329035099,26.5330594609909,71,90.2970711297071,97,0,1026.703749339905,1080,14595.814814814816,0
Londrina,3113,29-06-2026,29-06-2026 00:00:00,29-06-2026 01:34:10,4796,126026,126046,20,7.67,0,2.607561929595828,25.983004758667573,67,89.12903225806451,93,,1020.9971988795518,1072,12859.770114942528,
Londrina,3114,27-06-2026,27-06-2026 20:00:00,27-06-2026 23:59:59,12829,123151,123228,77,28.477,3,2.703936510166099,23.86126396531599,60,89.656,93,24.973118279569892,1043.2434266327396,1080,15405.560975609756,
Londrina,3114,28-06-2026,28-06-2026 00:00:00,28-06-2026 20:26:44,5803,123228,123247,19,6.687,1,2.8413339315088977,18.703951367781155,50,77.9245283018868,93,32.125,1008.2139917695473,1080,17629.172093023255,0
Londrina,3115,27-06-2026,27-06-2026 21:25:06,27-06-2026 21:41:03,884,,,,0.594,,,9.938053097345133,26,61.25,72,30.25,952,1080,20061.39534883721,
Londrina,3115,29-06-2026,29-06-2026 02:57:46,29-06-2026 02:57:50,5,120896,120896,0,0,0,,0,0,72,72,27,712,992,55000,0
Londrina,3116,27-06-2026,27-06-2026 20:00:01,27-06-2026 23:59:59,13397,,,,,,,29.970743205768166,125,,,,,,,
Londrina,3116,28-06-2026,28-06-2026 00:00:00,28-06-2026 23:59:59,63939,,,,0,0,,30.346665151687308,125,0,0,0,0,0,0,0
Londrina,3116,29-06-2026,29-06-2026 00:00:00,29-06-2026 00:41:31,2253,,,,,,,30.33526570048309,125,,,,,,,
Londrina,3117,27-06-2026,27-06-2026 20:00:00,27-06-2026 23:59:59,14370,118578,118647,69,25.416,3,2.7148253068932955,23.09842368319877,57,88.75136612021858,93,26.765333333333334,1037.3886966551327,1080,19120.372655168074,
Londrina,3117,28-06-2026,28-06-2026 00:00:00,28-06-2026 23:59:59,38113,118647,118893,246,89.748,9,2.741008156170611,29.163539553752535,84,87.34257748776508,99,25.60335195530726,1039.926426832567,1096,17257.307201542204,0
Londrina,3117,29-06-2026,29-06-2026 00:00:00,29-06-2026 00:48:20,2175,118893,118907,14,4.739,0,2.9542097488921715,32.214166666666664,73,87.57575757575758,97,30.790697674418606,1040.5272727272727,1080,19487.34829592685,
Londrina,3118,27-06-2026,27-06-2026 20:00:00,27-06-2026 23:59:59,14371,118383,118470,87,34.576,3,2.5161962054604348,26.189695302581462,71,90.66373626373627,93,25.21812080536913,1028.1668512366186,1080,16578.400566839868,
Londrina,3118,28-06-2026,28-06-2026 00:00:00,28-06-2026 20:39:37,17772,118470,118533,63,23.394,3,2.6929982046678638,22.41089918256131,64,81.03373493975904,93,28.35377358490566,1028.0159593761334,1088,19587.916656014317,0
Londrina,3119,27-06-2026,27-06-2026 20:00:00,27-06-2026 20:58:03,3476,122033,122033,0,,,,10.808823529411764,25,83.25806451612904,87,48.1551724137931,881.6592592592592,1080,27288,
Londrina,3121,27-06-2026,27-06-2026 20:00:00,27-06-2026 23:59:59,13225,97019,97088,69,25.569,3,2.69858031209668,22.330385948141952,60,88.45925925925926,93,24.09722222222222,1031.2109308283518,1080,19321.82883613202,
Londrina,3121,28-06-2026,28-06-2026 00:00:00,28-06-2026 23:59:59,43262,97088,97298,210,83.02,10,2.5295109612141653,23.04351295728506,74,87.55642857142857,94,25.768633540372672,1033.5875440658049,1088,18804.428912096046,0
Londrina,3121,29-06-2026,29-06-2026 00:00:00,29-06-2026 00:37:51,2011,97298,97307,9,2.807,0,3.206270039187745,18.271844660194176,39,86.74468085106383,92,24.263157894736842,1035.6716417910447,1080,21719.167070217918,
Londrina,3122,27-06-2026,27-06-2026 20:00:00,27-06-2026 23:59:59,12467,105766,105834,68,25.053,2,2.7142457989063185,22.719569603227974,62,85.46279069767442,90,25.67153284671533,1020.9887302779865,1080,17951.945920745922,
Londrina,3122,28-06-2026,28-06-2026 00:00:00,28-06-2026 23:59:59,67015,105834,106183,349,145.082,17,2.4055361795398467,23.85939412102595,66,85.963187527068,92,27.82494004796163,1019.9079552925707,1088,18219.48802149414,0
Londrina,3122,29-06-2026,29-06-2026 00:00:00,29-06-2026 00:45:21,2575,106183,106193,10,2.893,0,3.4566194262011756,21.685352622061483,56,84.58490566037736,87,27,1019.8586572438163,1080,21918.749022673965,
Londrina,3123,27-06-2026,27-06-2026 20:00:00,27-06-2026 23:48:33,11646,104888,104950,62,23.003,2,2.6953006129635266,22.63760827046661,56,89.21867321867322,95,,1022.7454545454545,1080,17898.67696665379,
Londrina,3123,28-06-2026,28-06-2026 00:25:02,28-06-2026 23:59:59,68089,104950,105249,299,115.96,18,2.57847533632287,20.88907375081824,65,88.79023932426091,95,0,1028.8318880267761,1088,18296.440687210255,0
Londrina,3123,29-06-2026,29-06-2026 00:00:00,29-06-2026 00:47:28,2673,105249,105260,11,4.026,0,2.73224043715847,22.99385560675883,66,86.74418604651163,93,,1035.7692307692307,1080,19710.777244688143,
Londrina,3124,27-06-2026,27-06-2026 20:00:00,27-06-2026 23:59:59,14369,96037,96119,82,25.872,3,3.1694495980210267,23.54884547069272,53,85.65633802816902,92,24.555555555555557,1022.4348941629249,1072,18600.753322364257,
Londrina,3124,28-06-2026,28-06-2026 00:00:00,28-06-2026 23:59:59,65065,96119,96365,246,104.651,17,2.3506703232649473,19.211065936008485,65,86.3935873605948,96,29.581694402420574,1021.3042435866698,1072,19822.684509179184,0
Londrina,3124,29-06-2026,29-06-2026 00:00:00,29-06-2026 00:47:38,2608,96365,96377,12,5.241,0,2.2896393817973673,23.175257731958762,50,87.80373831775701,93,29.296875,1017.4620123203285,1072,15521.764453961456,
Londrina,3125,27-06-2026,27-06-2026 21:06:18,27-06-2026 21:16:51,633,108274,108274,0,0.517,,0,10.054794520547945,28,80.66666666666667,85,43.166666666666664,1001.8823529411765,1064,25000.25,
Londrina,3125,28-06-2026,28-06-2026 05:04:29,28-06-2026 23:59:59,65241,108274,108587,313,136.643,18,2.290640574343362,22.691517054450795,71,89.4093648585999,96,28.558252427184467,1014.4361531038919,1080,17052.1196313506,0
Londrina,3125,29-06-2026,29-06-2026 00:00:00,29-06-2026 01:01:53,3523,108587,108605,18,6.991,0,2.5747389500786726,25.824587706146925,58,89.02020202020202,93,29.60377358490566,1013.5730337078652,1064,17205.243838489776,
Londrina,3126,27-06-2026,27-06-2026 20:05:26,27-06-2026 20:22:08,920,104413,104413,0,0.557,0,0,9.980645161290322,23,57.333333333333336,64,24.833333333333332,1051.6190476190477,1096,19696.677966101695,
Londrina,3126,28-06-2026,28-06-2026 05:09:48,28-06-2026 22:30:50,51418,104413,104700,287,132.983,15,2.1581705932337214,22.64914778675824,70,86.25112781954887,91,26.980982567353408,1045.2644135188866,1104,14304.115639150123,0
Londrina,3127,27-06-2026,27-06-2026 20:00:00,27-06-2026 23:59:59,13214,99336,99407,71,27.647,3,2.5680905704054693,23.877420567775896,55,85.68085106382979,89,25.829113924050635,1031.6233183856502,1072,15581.962910128388,
Londrina,3127,28-06-2026,28-06-2026 00:00:00,28-06-2026 23:59:59,57721,99407,99782,375,145.83,16,2.571487348282246,26.497344852183563,66,85.95725388601036,93,27.754946727549466,1031.2247467834657,1072,15019.414859252423,0
Londrina,3127,29-06-2026,29-06-2026 00:00:00,29-06-2026 01:10:46,3566,99782,99804,22,8.427,0,2.6106562240417706,33.43336058871627,72,85.61363636363636,88,31.6,1032.147465437788,1064,13109.8,
Londrina,3128,27-06-2026,27-06-2026 20:18:22,27-06-2026 23:58:38,9179,,,,19.387,2,,25.425879396984925,50,87.29357798165138,93,26.6875,1033.5804480651732,1072,16465.597246127367,
Londrina,3128,28-06-2026,28-06-2026 00:17:32,28-06-2026 23:59:59,63000,95708,95708,0,152.86,17,0,23.301580980446815,76,89.55842391304348,97,28.687580025608195,1029.28078817734,1080,15773.234982882042,0
Londrina,3128,29-06-2026,29-06-2026 00:00:00,29-06-2026 00:36:58,1855,,,,2.105,,,25.474874371859297,67,86.52941176470588,93,32.166666666666664,1026.0266666666666,1056,16957.166666666668,
Londrina,3129,27-06-2026,27-06-2026 20:00:00,27-06-2026 23:59:59,13918,106180,106252,72,27.09,3,2.6578073089700998,21.783631108775616,60,85.89763779527559,90,23.86627906976744,1052.152249134948,1088,18039.733657351153,
Londrina,3129,28-06-2026,28-06-2026 00:00:00,28-06-2026 20:38:38,56389,106252,106520,268,103.187,14,2.5972263947977945,21.371025090567557,64,85.96600418410041,91,27.213709677419356,1048.7335865436787,1096,18811.196436834798,0
Londrina,3130,27-06-2026,27-06-2026 20:08:02,27-06-2026 20:57:48,161,,,,0.221,,,7.545454545454546,18,48,51,27.5,930.96,1064,22028.8,
Londrina,3130,28-06-2026,28-06-2026 04:57:49,28-06-2026 20:47:02,35146,103303,103463,160,81.19,10,1.9706860450794432,25.932711319822047,82,88.58260869565217,94,31.39806996381182,1008.362910128388,1072,18674.285286969527,0
Londrina,3131,28-06-2026,28-06-2026 00:16:06,28-06-2026 20:12:40,34966,96338,96499,161,77.391,10,2.080345259784729,22.015555113805785,67,84.9198834668609,91,27.012522361359572,1018.0917225950783,1072,19250.50712469414,0
Londrina,3131,29-06-2026,29-06-2026 00:34:56,29-06-2026 00:54:59,1042,96499,96501,2,0.817,,2.4479804161566707,19.55072463768116,73,74.76,85,29.423076923076923,1006.4457142857143,1064,22727.02487562189,
Londrina,3132,27-06-2026,27-06-2026 20:00:00,27-06-2026 23:59:59,14161,100869,100924,55,24.551,3,2.2402346136613582,20.005693581780537,58,86.06066945606695,90,27.0282131661442,1036.9205479452055,1080,18837.553921568626,
Londrina,3132,28-06-2026,28-06-2026 00:00:00,28-06-2026 23:59:59,69365,100924,101287,363,182.334,18,1.9908519530093125,23.943798400081786,64,86.9083147735709,92,27.348339483394835,1034.7588018054985,1096,17860.145133871654,0
Londrina,3132,29-06-2026,29-06-2026 00:00:00,29-06-2026 01:48:55,4238,101287,101302,15,7.233,0,2.073828287017835,22.04297520661157,63,86.04379562043796,92,33.67741935483871,1035.826625386997,1080,19465.77006507592,
Londrina,3133,27-06-2026,27-06-2026 20:00:00,27-06-2026 23:59:59,14370,103187,103265,78,29.063,3,2.683824794412139,23.555808111018063,60,90.55824175824176,93,26.36503856041131,1026.2216848045143,1072,17585.30101010101,
Londrina,3133,28-06-2026,28-06-2026 00:00:00,28-06-2026 23:59:59,74306,103265,103555,290,124.925,20,2.321392835701421,18.66801356879178,76,89.43091828138164,95,30.199338686820973,1023.6061415220294,1072,19630.67869458972,0
Londrina,3133,29-06-2026,29-06-2026 00:00:00,29-06-2026 00:57:23,3297,103555,103567,12,4.89,0,2.4539877300613497,19.160810005955927,52,89.15853658536585,93,30.854368932038835,1022.7011070110701,1064,17670.232258064516,
Londrina,3135,27-06-2026,27-06-2026 20:00:00,27-06-2026 23:59:59,13745,103753,103812,59,23.476,3,2.513204975293917,21.254960742326908,73,88.15450643776823,93,27.081447963800905,1043.4183381088826,1088,21786.86790378007,
Londrina,3135,28-06-2026,28-06-2026 00:00:00,28-06-2026 23:53:45,71010,103812,104087,275,130.855,18,2.101562798517443,18.830623235386383,73,89.02150537634408,97,29.721608832807572,1043.616258382373,1096,18451.43667536151,0
Londrina,3135,29-06-2026,29-06-2026 00:15:21,29-06-2026 00:57:15,2391,104087,104097,10,4.328,0,2.310536044362292,23.776326530612245,68,87.53947368421052,94,30.166666666666668,1044.5996204933585,1088,17880.689393939392,
Londrina,3136,27-06-2026,27-06-2026 20:00:00,27-06-2026 23:48:46,11709,98508,98554,46,21.73,2,2.116889093419236,18.88294930875576,67,89.31944444444444,93,28.3920704845815,1019.464493597206,1072,15923.310563939634,
Londrina,3136,28-06-2026,28-06-2026 00:00:49,28-06-2026 22:04:49,47853,98554,98930,376,139.651,14,2.692426119397641,28.79960650899701,70,89.51700680272108,96,27.041166380789022,1018.2115721800117,1072,15381.227229146692,0
Londrina,3136,29-06-2026,29-06-2026 00:31:58,29-06-2026 00:53:02,1142,98930,98935,5,1.124,,4.448398576512455,28.0188679245283,78,78,87,33.86363636363637,1000.8181818181819,1072,15623.253333333334,
Londrina,3137,27-06-2026,27-06-2026 20:35:14,27-06-2026 23:43:17,922,105542,105543,1,1.224,,0.8169934640522876,14.912844036697248,39,82.6923076923077,89,38.13333333333333,1067.047619047619,1120,17521.972602739726,
Londrina,3137,28-06-2026,28-06-2026 00:19:34,28-06-2026 23:59:59,66316,105543,105887,344,129.193,19,2.662682962699217,21.141025641025642,58,90.07087628865979,95,27.763613861386137,1038.5473289597,1096,18231.26773706601,0
Londrina,3137,29-06-2026,29-06-2026 00:00:00,29-06-2026 01:04:28,3464,105887,105903,16,6.156,0,2.5990903183885643,22.79921568627451,52,90.52272727272727,93,29.46,1037.225806451613,1096,18736.27195467422,
Londrina,3138,27-06-2026,27-06-2026 20:00:00,27-06-2026 23:59:59,12749,100344,100400,56,21.661,2,2.5852915377868055,19.83266367289057,55,90.51655629139073,94,27.37837837837838,1040.9542168674698,1088,17288.23313905079,
Londrina,3138,28-06-2026,28-06-2026 00:00:00,28-06-2026 23:54:08,66299,100400,100765,365,141.193,19,2.585113992903331,22.653478947729926,67,89.6526867627785,95,27.252450980392158,1040.2355363393042,1096,16708.94244217321,0
Londrina,3138,29-06-2026,29-06-2026 00:13:13,29-06-2026 02:10:26,3444,100765,100779,14,5.844,0,2.3956194387405887,22.412010008340285,57,88.27272727272727,93,32.541666666666664,1041.8217821782177,1088,15082.404624277457,
Londrina,3139,27-06-2026,27-06-2026 20:34:37,27-06-2026 20:47:06,748,105770,105770,0,0.463,,0,9.878787878787879,23,51.857142857142854,68,25,990.7651006711409,1080,22154.10714285714,
Londrina,3139,28-06-2026,28-06-2026 05:28:43,28-06-2026 23:59:59,60214,105770,106101,331,129.82,16,2.5496841780927437,23.302662848089696,82,89.07487595850247,97,30.055555555555557,1031.8257407190538,1080,18834.421791767556,0
Londrina,3139,29-06-2026,29-06-2026 00:00:00,29-06-2026 01:45:28,4363,106101,106125,24,9.691,0,2.4765246104633163,30.237708830548925,74,89.12745098039215,93,33.92727272727273,1035.1779310344828,1080,16669.07244843998,
Londrina,3140,27-06-2026,27-06-2026 20:00:00,27-06-2026 23:59:59,13508,108596,108672,76,32.134,2,2.365096159830709,24.048297512678097,65,89.95071868583162,95,24.96137339055794,1027.9242534595776,1080,16826.304374314608,
Londrina,3140,28-06-2026,28-06-2026 00:00:00,28-06-2026 23:59:59,69302,108672,109036,364,158.144,18,2.301699716713881,26.305499033472376,75,89.53970452446907,95,27.985245901639345,1030.3566900805208,1080,17780.86202509542,0
Londrina,3140,29-06-2026,29-06-2026 00:00:00,29-06-2026 00:44:43,2353,109036,109048,12,3.901,0,3.0761343245321715,24.742857142857144,59,88.38235294117646,92,28.854545454545455,1032.1055408970976,1072,20112.68030690537,
Londrina,3141,27-06-2026,27-06-2026 20:00:00,27-06-2026 23:59:59,13116,102554,102627,73,29.411,2,2.4820645336778755,24.16575410652066,54,90.17573221757323,97,25.599078341013826,1042.8142131979696,1080,16307.657996266335,
Londrina,3141,28-06-2026,28-06-2026 00:00:00,28-06-2026 23:59:59,68874,102627,102979,352,148.714,18,2.3669593985771344,23.320548682087143,63,89.14550700741962,98,27.39022140221402,1042.9316255415333,1088,16446.5785386316,0
Londrina,3141,29-06-2026,29-06-2026 00:00:00,29-06-2026 01:33:17,4985,102979,102996,17,7.331,0,2.3189196562542627,26.67401392111369,61,89.30088495575221,93,32.78947368421053,1041.3917808219178,1072,15758.616033755274,
Londrina,3143,27-06-2026,27-06-2026 20:00:00,27-06-2026 23:59:59,11797,98387,98470,83,23.508,3,3.530712948783393,25.83157894736842,66,87.05785123966942,95,24.82894736842105,1042.1010101010102,1112,18055.004291845493,
Londrina,3143,28-06-2026,28-06-2026 00:00:00,28-06-2026 23:59:59,60096,98470,98875,405,147.944,17,2.7375223057373064,27.03570329332102,69,89.62759643916914,96,28.581956797966964,1034.4266075388027,1120,15288.464101091327,0
Londrina,3143,29-06-2026,29-06-2026 00:00:00,29-06-2026 02:00:17,4573,98875,98895,20,7.778,1,2.5713551041398817,23.299274884640738,58,87.56410256410257,93,32.4,1029.9746835443038,1104,17221.052631578947,
Londrina,3144,27-06-2026,27-06-2026 20:00:00,27-06-2026 23:56:20,14150,98175,98226,51,29.734,2,1.7152081791888074,22.826791277258568,51,87.02612826603325,93,30.330188679245282,1035.240637107189,1080,14856.58556560314,
Londrina,3144,28-06-2026,28-06-2026 00:12:24,28-06-2026 23:56:56,70201,98226,98488,262,108.889,18,2.4061199937551083,18.75737572410077,73,86.62951082598235,93,30.282160625444206,1039.4499593165176,1096,19805.86083829022,0
Londrina,3144,29-06-2026,29-06-2026 00:15:15,29-06-2026 00:59:16,2404,98488,98497,9,3.792,,2.3734177215189876,21.1131221719457,53,86.125,89,31.135593220338983,1037.3192612137202,1088,18159.588491717524,
Londrina,3145,27-06-2026,27-06-2026 20:00:00,27-06-2026 23:59:59,14370,97421,97477,56,23.957,3,2.3375213924948866,18.36723163841808,42,86.63709677419355,90,27.433333333333334,1031.4829659318636,1072,19803.246646026833,
Londrina,3145,28-06-2026,28-06-2026 00:00:00,28-06-2026 23:59:59,72902,97477,97913,436,168.19,19,2.5923063202330696,25.77309013498476,69,86.60179518563851,92,26.693164933135215,1030.5679993092133,1072,17282.570671996004,0
Londrina,3145,29-06-2026,29-06-2026 00:00:00,29-06-2026 02:07:37,5324,97913,97934,21,8.16,1,2.5735294117647056,23.05493523894596,70,86.21897810218978,90,30.329896907216494,1031.7211538461538,1072,19926.739591836737,
Londrina,3146,29-06-2026,29-06-2026 02:55:52,29-06-2026 02:55:56,5,101732,101732,0,0,0,,0,0,23,23,24,770.6666666666666,776,8000,0
Londrina,3147,27-06-2026,27-06-2026 20:00:00,27-06-2026 23:59:59,13189,106699,106771,72,30.255,2,2.379771938522558,23.621457137889063,60,86.50581395348837,92,25.573248407643312,1040.068796068796,1080,13515.077740863788,
Londrina,3147,28-06-2026,28-06-2026 00:00:00,28-06-2026 23:59:59,63366,106771,107196,425,200.12,18,2.123725764541275,27.243837643339948,96,87.16642335766423,93,26.79532967032967,1037.7313684210526,1096,12813.090193874685,0
Londrina,3147,29-06-2026,29-06-2026 00:00:00,29-06-2026 02:07:19,4350,107196,107217,21,7.947,1,2.6425066062665157,23.798620689655174,59,85.81132075471699,89,29.355555555555554,1037.9054545454546,1080,15686.431818181818,
Londrina,3148,27-06-2026,27-06-2026 23:13:11,27-06-2026 23:16:13,168,,,,0.133,,,,,43,47,28,653.2173913043479,888,,
Londrina,3148,28-06-2026,28-06-2026 02:16:49,28-06-2026 22:26:29,11619,106868,106903,35,17.061,2,2.0514623996248753,22.13514839342654,64,81.60411311053984,99,33.78456591639871,988.410358565737,1080,19161.1336492891,0
Londrina,3149,27-06-2026,27-06-2026 20:00:00,27-06-2026 23:59:59,13220,106115,106187,72,35.707,3,2.016411347914975,26.905034113959065,63,86.60335195530726,90,27,1033.8263665594855,1088,13994.302379125096,
Londrina,3149,28-06-2026,28-06-2026 00:00:00,28-06-2026 23:59:59,64362,106187,106515,328,132.228,19,2.4805638745197687,24.694519621109606,81,85.98706338939198,90,28.695303550973655,1036.3297419193184,1088,14102.30376515635,0
Londrina,3149,29-06-2026,29-06-2026 00:00:00,29-06-2026 01:09:04,3737,106515,106529,14,5.925,0,2.3628691983122363,23.834960070984916,70,85.53488372093024,88,29.541666666666668,1037.5449735449736,1080,14594.7615658363,
Londrina,3150,27-06-2026,27-06-2026 20:00:00,27-06-2026 23:52:44,10691,103987,104055,68,24.356,2,2.7919198554770897,22.963565891472868,58,86.23255813953489,91,24.119266055045873,1037.5176304654442,1088,15347.775156141568,
Londrina,3150,28-06-2026,28-06-2026 00:00:58,28-06-2026 23:57:55,55940,104055,104393,338,154.797,16,2.1835048482851733,23.742183278005097,77,86.17979197622586,94,27.24279210925645,1038.9197475202886,1096,15054.086614173228,0
Londrina,3150,29-06-2026,29-06-2026 00:12:32,29-06-2026 02:05:26,2683,104393,104405,12,5.181,,2.3161551823972206,27.191435768261965,75,85.96774193548387,93,29.966666666666665,1031.9591836734694,1088,14566.451612903225,
Londrina,3151,27-06-2026,27-06-2026 20:00:00,27-06-2026 23:56:43,14045,101121,101190,69,26.257,3,2.627870663061279,22.26911124922312,64,90.5633423180593,93,24.580952380952382,1034.8815028901734,1096,19288.998668119628,
Londrina,3151,28-06-2026,28-06-2026 00:09:48,28-06-2026 23:59:59,14351,101190,101263,73,30465.411,5850,0.0023961600255450353,23.577104377104376,66,86.7534791252485,95,26.322222222222223,1031.6173065204143,1104,16487.35218757554,0
Londrina,3151,29-06-2026,29-06-2026 00:00:00,29-06-2026 01:00:29,3500,101263,101281,18,6.885,0,2.6143790849673203,24.292348284960422,67,90.20833333333333,93,26.9,1032.578581363004,1088,17481.068085106384,
Londrina,3152,27-06-2026,27-06-2026 20:00:00,27-06-2026 23:59:59,14370,100301,100401,100,35.687,3,2.802140835598397,27.5195667024495,75,90.41144901610018,94,21.803797468354432,1005.4106835152211,1088,16916.572171651496,
Londrina,3152,28-06-2026,28-06-2026 00:00:00,28-06-2026 23:59:59,62221,100401,100717,316,130.104,16,2.4288261698333637,22.274297361081313,75,89.84266666666667,101,27.868181818181817,1006.996547428368,1088,18639.598467591633,0
Londrina,3152,29-06-2026,29-06-2026 00:00:00,29-06-2026 00:50:41,2764,100717,100731,14,4.532,0,3.089143865842895,23.924198250728864,65,88.08421052631579,93,27.375,1006.0065789473684,1088,18245.70846594526,
Londrina,3153,28-06-2026,28-06-2026 00:06:55,28-06-2026 23:59:59,64780,104631,104995,364,146.735,18,2.480662418645858,24.726638668066595,70,86.0875512995896,93,27.87257281553398,1023.8245264207378,1088,14872.709601873536,0
Londrina,3153,29-06-2026,29-06-2026 00:00:00,29-06-2026 01:57:16,3560,104995,105012,17,7.315,0,2.3239917976760083,27.536723163841806,73,84.90625,90,29.612903225806452,1023.5071090047394,1080,17490.94492753623,
Londrina,3154,27-06-2026,27-06-2026 20:00:00,27-06-2026 23:59:59,12427,104381,104425,44,16.175,2,2.7202472952086554,16.25629518823236,38,88.5912408759124,93,27.860335195530727,1039.2461322081576,1080,17887.048252911813,
Londrina,3154,28-06-2026,28-06-2026 00:00:01,28-06-2026 23:59:59,64104,104425,104794,369,167.943,18,2.197174041192547,23.895219360106896,71,90.02067183462532,95,26.53271028037383,1021.8379771299726,1088,17195.995979899497,0
Londrina,3154,29-06-2026,29-06-2026 00:00:00,29-06-2026 01:30:07,1510,104794,104801,7,2.921,0,2.3964395754878467,23.96034482758621,61,90.95238095238095,93,27.24137931034483,1014.1764705882352,1048,16814.755555555555,
Londrina,3155,27-06-2026,27-06-2026 21:07:27,27-06-2026 21:42:46,1828,103846,103846,0,0.639,,0,8.45631067961165,25,80.89473684210526,87,38.833333333333336,1039.3290322580644,1080,22044.624113475176,
Londrina,3155,28-06-2026,28-06-2026 05:14:07,28-06-2026 20:32:26,34847,103846,104011,165,81.043,9,2.035956220771689,23.49077223306384,61,85.77876106194691,96,27.652249134948097,1032.8071452199802,1104,17367.707508966792,0
Londrina,3155,29-06-2026,29-06-2026 02:55:05,29-06-2026 02:55:10,6,,,,,,,,,35,35,,936,952,,
Londrina,3156,27-06-2026,27-06-2026 20:00:00,27-06-2026 22:24:58,2768,102710,102724,14,5.885,0,2.3789294817332203,23.004260499087035,56,86.3012048192771,89,26.387096774193548,1023.6053811659193,1072,16866.030634573304,
Londrina,3156,28-06-2026,28-06-2026 00:03:58,28-06-2026 23:59:59,66971,102724,103047,323,126.462,18,2.554126931410226,20.77843005251111,61,86.21028037383178,92,27.37816091954023,1026.7339317773788,1088,19043.958213390288,0
Londrina,3156,29-06-2026,29-06-2026 00:00:00,29-06-2026 01:48:14,5515,103047,103066,19,6.977,1,2.7232334814390136,21.221841332027424,67,85.76422764227642,89,31.59259259259259,1014.3751493428913,1064,20155.856970670953,
Londrina,3157,28-06-2026,28-06-2026 06:07:09,28-06-2026 23:59:59,2494,107006,107030,24,4024565.76,1342177282,0.0000059633762823644364,122.68835616438356,36864,65.98630136986301,91,1185.1333333333334,1395.9502762430939,65278,16691.206440957885,4270.9375
Londrina,3157,29-06-2026,29-06-2026 00:00:00,29-06-2026 00:09:53,123,,,,0.072,,,5.677966101694915,18,82,82,33.5,1052.5454545454545,1096,30892.340425531915,
Londrina,3158,27-06-2026,27-06-2026 20:00:00,27-06-2026 23:59:59,14370,107498,107569,71,26.464,3,2.6828899637243047,21.52493925968272,60,85.78936170212766,90,27.16857142857143,1036.0698689956332,1072,20509.059489302967,
Londrina,3158,28-06-2026,28-06-2026 00:00:00,28-06-2026 19:57:50,35888,107569,107644,75,29.391,3,2.5518015719097686,25.18696800704432,66,80.36967632027257,90,30.607723577235774,930.5558375634517,1080,19123.721268850753,0
Londrina,3158,29-06-2026,29-06-2026 00:07:07,29-06-2026 00:24:50,962,107644,107646,2,0.986,,2.028397565922921,16.970443349753694,44,70.76666666666667,86,31.4,931.5757575757576,1072,21283.5503875969,
Londrina,3159,27-06-2026,27-06-2026 23:59:52,27-06-2026 23:59:59,8,,,,0,,,,,38,38,26,740,752,,
Londrina,3159,28-06-2026,28-06-2026 00:00:00,28-06-2026 20:38:20,24315,93256,93256,0,125.244,15,0,24.04894117647059,75,84.53846153846153,91,28.732704402515722,1030.4543440807286,1072,16761.873960524998,0
Londrina,3159,29-06-2026,29-06-2026 02:54:10,29-06-2026 02:54:14,5,,,,,,,,,,,,732,736,,
Londrina,3161,27-06-2026,27-06-2026 20:00:00,27-06-2026 23:59:59,14370,108142,108220,78,30.042,3,2.596365088875574,27.20549084858569,74,86.09151785714286,91,26.92170818505338,1009.133153222694,1088,15906.517394416607,
Londrina,3161,28-06-2026,28-06-2026 00:00:00,28-06-2026 23:59:59,51746,108220,108480,260,53.45,13,4.864359214218896,23.366824324324323,71,85.77083333333333,91,26.815217391304348,1038.6019646365423,1096,17728.315883936582,0
Londrina,3161,29-06-2026,29-06-2026 00:00:00,29-06-2026 00:41:45,2336,108480,108495,15,,0,,23.897058823529413,58,85.90217391304348,89,26.846153846153847,1041.0473537604457,1096,19801.576303927883,
Londrina,3162,27-06-2026,27-06-2026 20:00:00,27-06-2026 23:59:59,13174,98136,98200,64,23.252,3,2.752451402029933,20.507718373493976,65,88.72463768115942,93,26.444444444444443,1034.6116129032257,1096,18044.774638180566,
Londrina,3162,28-06-2026,28-06-2026 00:00:00,28-06-2026 20:51:03,48829,98200,98488,288,126.199,13,2.282110000871639,25.94617253370171,69,90.1608527131783,96,29.517171717171717,1031.4966810966812,1096,15911.068971927867,0
Londrina,3163,27-06-2026,27-06-2026 20:00:00,27-06-2026 20:25:11,1139,98979,98987,8,2.59,,3.088803088803089,27.665742024965326,59,85.73333333333333,88,25.72222222222222,1030.5172413793102,1080,24437.28490351873,
Londrina,3163,28-06-2026,28-06-2026 05:09:29,28-06-2026 23:59:59,67691,98987,99297,310,134.424,19,2.3061358090817117,24.300124097113947,70,86.13041700735896,92,28.28510895883777,1028.8231352495152,1088,19187.576331287964,0
Londrina,3163,29-06-2026,29-06-2026 00:00:00,29-06-2026 02:30:36,4895,99297,99318,21,8.481,0,2.476123098691192,23.229561200923786,63,85.77987421383648,90,30.065420560747665,1028.6591194968553,1080,20231.31017572538,
Londrina,3164,28-06-2026,28-06-2026 09:10:19,28-06-2026 20:40:21,2247,99407,99408,1,0.783,1,1.277139208173691,6.896551724137931,22,50.77272727272727,72,27.083333333333332,1059.1612903225807,1104,25395.56923076923,0
Londrina,3165,27-06-2026,27-06-2026 20:04:27,27-06-2026 23:59:59,13578,102226,102284,58,21.001,3,2.7617732488929096,18.801988885639076,44,86.40384615384616,93,25.117283950617285,1039.9498746867168,1104,18869.489839827875,
Londrina,3165,28-06-2026,28-06-2026 00:00:00,28-06-2026 23:54:44,66526,102284,102552,268,116.298,18,2.3044248396361073,18.523068451863445,59,89.28212422949265,96,29.420731707317074,1044.678479327843,1112,20385.552086781594,0
Londrina,3165,29-06-2026,29-06-2026 00:18:16,29-06-2026 02:05:31,2911,102552,102563,11,4.186,,2.6278069756330624,20.955710955710956,57,87.08247422680412,93,35.36923076923077,1041.6348408710219,1096,20962.94910591472,
Londrina,3166,27-06-2026,27-06-2026 20:04:29,27-06-2026 20:20:43,905,103122,103122,0,0.497,,0,9.538461538461538,24,83.75,86,37.294117647058826,1028.8,1080,18949.49019607843,
Londrina,3166,28-06-2026,28-06-2026 05:04:55,28-06-2026 23:59:59,60679,103122,103462,340,145.562,18,2.335774446627554,22.879789496449554,69,86.1026282853567,90,26.80181818181818,1037.2265054169816,1096,14152.88208449875,0
Londrina,3166,29-06-2026,29-06-2026 00:00:00,29-06-2026 00:59:55,3175,103462,103478,16,6.55,0,2.4427480916030535,26.905245346869712,71,85.9,89,28.757575757575758,1037.3333333333333,1080,13417.288389513109,
Londrina,3167,27-06-2026,27-06-2026 20:36:03,27-06-2026 23:59:59,12212,99880,99945,65,27.798,3,2.3382977192603787,23.73687206489256,67,85.92290748898678,89,25.49214659685864,1035.0046948356808,1080,16033.751637792982,
Londrina,3167,28-06-2026,28-06-2026 00:00:00,28-06-2026 08:53:19,5923,99945,99979,34,12.751,0,2.66645753274253,27.61304214087973,71,83.76146788990826,91,24.29126213592233,1023.7365461847389,1080,16397.64967562558,0
Londrina,3167,29-06-2026,29-06-2026 02:54:47,29-06-2026 02:54:51,5,,,,,,,,,,,24,404,408,,
Londrina,3168,28-06-2026,28-06-2026 20:49:12,28-06-2026 21:31:22,2524,104188,104188,0,0,0,,11.481481481481481,17,43.8,58,29.970588235294116,820.0366972477065,1080,16114.81081081081,0
Londrina,3168,29-06-2026,29-06-2026 02:56:42,29-06-2026 02:56:46,4,,,,,,,,,51,51,28,636,640,,
Londrina,3169,27-06-2026,27-06-2026 20:43:17,27-06-2026 20:55:32,558,,109885,,49365.402,6318,,10.765765765765765,21,80.85714285714286,87,37.30769230769231,962.7540983606557,1072,22879.160220994476,
Londrina,3170,27-06-2026,27-06-2026 20:00:00,27-06-2026 23:59:59,14369,98841,98901,60,25.929,3,2.3140113386555594,21.938283124500135,59,88.24434389140272,93,27.019417475728154,1028.090465631929,1072,19465.05913503972,
Londrina,3170,28-06-2026,28-06-2026 00:00:00,28-06-2026 23:59:59,50241,98901,99149,248,105.877,13,2.342340640554606,22.91364902506964,75,89.53503893214683,95,29.50602409638554,1027.9847198641767,1088,18393.192674095688,0
Londrina,3170,29-06-2026,29-06-2026 00:00:00,29-06-2026 01:52:46,5457,99149,99178,29,10.928,0,2.653733528550512,26.846782794169926,73,88.90225563909775,93,31.825396825396826,1032.5338809034909,1072,19267.065798987707,
Londrina,3172,27-06-2026,27-06-2026 22:28:13,27-06-2026 22:32:35,263,100068,100068,0,0.363,,0,19.233644859813083,35,48.5,59,26.5,799.1794871794872,1080,17081.38129496403,
Londrina,3172,28-06-2026,28-06-2026 00:02:37,28-06-2026 23:59:59,68144,100068,100375,307,133.4,19,2.3013493253373314,21.38263261926385,64,85.82468837957379,92,28.138815789473686,1035.1562893314579,1096,18120.583214720114,0
Londrina,3172,29-06-2026,29-06-2026 00:00:00,29-06-2026 01:54:56,6010,100375,100391,16,7.099,0,2.2538385688125087,23.7180667433832,68,85.45394736842105,89,32.958333333333336,1031.7757009345794,1088,19976.4921066957,
Londrina,3173,27-06-2026,27-06-2026 20:00:00,27-06-2026 20:48:49,1184,104300,104301,1,1.016,,0.984251968503937,27.543478260869566,84,85.45454545454545,93,37.166666666666664,1038.0674157303372,1072,23018.974789915967,
Londrina,3173,28-06-2026,28-06-2026 05:01:15,28-06-2026 23:59:59,68038,104301,104574,273,97.803,19,2.7913254194656605,17.700844545775666,66,88.68457711442787,94,28.406834825061026,1037.0788098538978,1088,20126.70262066174,0
Londrina,3173,29-06-2026,29-06-2026 00:00:00,29-06-2026 00:52:58,2923,104574,104586,12,4.211,0,2.849679411066255,26.34461264470169,71,88.70454545454545,93,30.66176470588235,1038.8284518828452,1072,16923.070707070707,
Londrina,3174,27-06-2026,27-06-2026 20:00:00,27-06-2026 23:59:59,14208,106166,106168,2,1.258,0,1.589825119236884,14.358024691358025,38,78.48571428571428,89,37.80869565217391,927.0937880633373,1080,20485.322580645163,
Londrina,3174,28-06-2026,28-06-2026 00:00:00,28-06-2026 23:59:59,85995,106168,106557,389,157.722,17,2.466364869834265,28.44416175682914,81,86.07028875379939,95,28.763237518910742,1013.7520767803856,1096,15728.840707458074,0
Londrina,3174,29-06-2026,29-06-2026 00:00:00,29-06-2026 00:37:36,2104,106557,106564,7,2.163,0,3.236245954692557,16.936227951153324,37,85.78333333333333,89,27.13888888888889,1042.1789883268482,1080,23722.683682771196,
Londrina,3175,27-06-2026,27-06-2026 21:23:26,27-06-2026 21:56:24,1507,95919,95919,0,0.734,,0,9.1010101010101,25,70.24324324324324,81,31.27906976744186,1027.807486631016,1064,22062.36080178174,
Londrina,3175,28-06-2026,28-06-2026 05:25:13,28-06-2026 23:59:59,64197,95919,96259,340,144.443,18,2.353869692543079,23.422418012726382,80,86.07240618101545,98,27.23975155279503,1027.442355681251,1072,17529.20261732852,0
Londrina,3175,29-06-2026,29-06-2026 00:00:00,29-06-2026 01:47:08,5317,96259,96281,22,8.795,0,2.501421262080728,22.74160099543758,58,85.88590604026845,90,27.760416666666668,1029.350052246604,1064,18631.863111818544,
Londrina,3176,27-06-2026,27-06-2026 20:00:00,27-06-2026 23:50:28,11825,93037,93092,55,19.717,3,2.789471014860273,18.73637120266334,52,86.0909090909091,89,25.161290322580644,1034.7993579454253,1088,17468.688046647232,
Londrina,3176,28-06-2026,28-06-2026 00:00:57,28-06-2026 23:59:59,63273,93092,93445,353,139.512,17,2.5302482940535582,23.259897974722094,71,86.17835178351784,92,26.57001647446458,1036.0835092657753,1096,15371.629016416444,0
Londrina,3176,29-06-2026,29-06-2026 00:00:00,29-06-2026 01:05:37,3236,93445,93463,18,6.642,0,2.7100271002710024,24.392494136043783,75,85.91304347826087,89,27.75,1031.8987341772151,1080,15958.355329949238,
Londrina,3177,27-06-2026,27-06-2026 20:00:00,27-06-2026 23:59:59,13184,97060,97119,59,20.927,2,2.8193243178668705,20.24166296131614,55,88.77931034482759,93,26.273291925465838,1027.111111111111,1064,16547.520254169976,
Londrina,3177,28-06-2026,28-06-2026 00:00:00,28-06-2026 23:59:59,66288,97119,97495,376,160.387,19,2.3443296526526463,22.835874799357946,64,89.5820170109356,94,27.220338983050848,1026.26714158504,1072,15954.188505747126,0
Londrina,3177,29-06-2026,29-06-2026 00:00:00,29-06-2026 01:53:40,3413,97495,97508,13,5.953,0,2.1837728876196874,21.654859218891918,66,88.25714285714285,93,34.04255319148936,1025.1386861313867,1064,15575.830303030303,
Londrina,3178,27-06-2026,27-06-2026 20:14:29,27-06-2026 23:59:59,12393,110669,110736,67,28.974,2,2.312418029957893,24.419367434595863,71,88.77300613496932,93,24.122994652406415,1051.5738498789347,1096,17575.135135135137,
Londrina,3178,28-06-2026,28-06-2026 00:00:00,28-06-2026 01:18:13,3989,110736,110757,21,9.269,1,2.265616571366922,28.335635359116022,76,88.41666666666667,93,24.54385964912281,1050.537216828479,1088,16810.123711340206,
Londrina,3178,29-06-2026,29-06-2026 02:53:41,29-06-2026 02:53:43,3,110757,110757,0,0,0,,0,0,82,82,24,912,1088,50464,0
Londrina,3179,27-06-2026,27-06-2026 20:00:00,27-06-2026 23:48:47,7393,93936,93970,34,13.009,1,2.6135752171573525,21.5327731092437,59,88.3375,94,30.120567375886523,1034.2188449848024,1080,18206.9457910974,
Londrina,3179,28-06-2026,28-06-2026 00:10:40,28-06-2026 23:52:46,67162,93970,94280,310,131.75,17,2.3529411764705883,23.189434107779814,74,89.56973163220414,96,30.62731871838111,1030.2743321061077,1080,18912.972085385878,0
Londrina,3179,29-06-2026,29-06-2026 00:00:46,29-06-2026 01:42:00,4887,94280,94299,19,7.511,1,2.529623219278392,25.8047964305633,66,88.44594594594595,99,31.646017699115045,1030.5096870342772,1064,19231.86501687289,
Londrina,3180,27-06-2026,27-06-2026 20:00:00,27-06-2026 23:59:59,14277,90027,90090,63,23.469,3,2.684392176914227,20.489431534724957,47,88.83663366336634,93,26.205645161290324,1049.112090063632,1080,18723.39171312999,
Londrina,3180,28-06-2026,28-06-2026 00:00:00,28-06-2026 23:59:59,66608,90090,90358,268,114.123,18,2.348343453992622,19.64197274265863,69,88.7846364883402,96,30.625,1049.109505077303,1088,19797.046571932373,0
Londrina,3180,29-06-2026,29-06-2026 00:00:00,29-06-2026 00:31:23,1747,90358,90367,9,3.42,,2.6315789473684212,22.473157415832574,49,88.94117647058823,93,29.04255319148936,1046.6440677966102,1080,19272.12175470009,
Londrina,4501,28-06-2026,28-06-2026 16:23:19,28-06-2026 16:23:50,32,513883,513883,0,0,0,,0,0,50.5,77,0,0,0,0,0
Londrina,4501,29-06-2026,29-06-2026 02:56:04,29-06-2026 02:56:22,19,,,,,,,,,22,22,,,,,
Londrina,4502,28-06-2026,28-06-2026 16:24:24,28-06-2026 16:24:49,26,518429,518429,0,0,0,,0,0,42,60,0,0,0,0,0
Londrina,4502,29-06-2026,29-06-2026 02:55:48,29-06-2026 02:55:56,9,,,,,,,,,23,23,,,,,
Londrina,4503,28-06-2026,28-06-2026 16:14:43,28-06-2026 16:15:45,63,563439,563439,0,0,0,,0,0,49,49,0,0,0,0,0
Londrina,4505,27-06-2026,27-06-2026 20:13:30,27-06-2026 20:16:55,206,,,,0,,,6.5777777777777775,14,,,,,,,
Londrina,4506,28-06-2026,28-06-2026 16:16:27,28-06-2026 16:17:02,34,555510,555510,0,0,0,,0,0,35,47,0,0,0,0,0
Londrina,4507,28-06-2026,28-06-2026 16:26:40,28-06-2026 16:27:21,42,532684,532684,0,0,0,,0,0,32,83,0,0,0,0,0
Londrina,4507,29-06-2026,29-06-2026 02:54:00,29-06-2026 02:54:21,22,,,,,,,,,22,22,,,,,
Londrina,4509,28-06-2026,28-06-2026 16:27:52,28-06-2026 16:28:39,48,564830,564830,0,0,1,,0,0,53.5,83,0,0,0,0,0
Londrina,4509,29-06-2026,29-06-2026 02:53:43,29-06-2026 02:53:50,8,,,,,,,,,23,23,,,,,
Londrina,4510,27-06-2026,27-06-2026 21:07:48,27-06-2026 21:45:06,2235,520360,520360,0,0,0,,8.043103448275861,27,54.18518518518518,84,,,,,
Londrina,4510,28-06-2026,28-06-2026 15:52:16,28-06-2026 15:53:01,46,520360,520360,0,0,0,,0,0,53.5,84,0,0,0,0,0
Londrina,4510,29-06-2026,29-06-2026 02:55:46,29-06-2026 02:55:53,8,,,,,,,,,,,,,,,
Londrina,4512,28-06-2026,28-06-2026 16:07:22,28-06-2026 16:08:06,45,540512,540512,0,0,0,,0,0,38,38,0,0,0,0,0
Londrina,4514,27-06-2026,27-06-2026 20:45:08,27-06-2026 20:48:26,187,,,,,,,6.647058823529412,22,,,,,,,
Londrina,4514,28-06-2026,28-06-2026 15:56:46,28-06-2026 23:16:34,523,515171,515171,0,0,0,,6.142857142857143,15,45,80,0,8880,8880,0,0
Londrina,4514,29-06-2026,29-06-2026 00:09:36,29-06-2026 02:59:59,7848,,,,0.025,2,,32.17583497053045,80,82.47368421052632,88,,,,,
Londrina,4515,28-06-2026,28-06-2026 16:25:23,28-06-2026 16:26:08,46,525321,525321,0,0,0,,0,0,43.333333333333336,83,0,0,0,0,0
Londrina,4515,29-06-2026,29-06-2026 02:55:02,29-06-2026 02:55:19,18,,,,,,,,,22,22,,,,,
Londrina,4516,28-06-2026,28-06-2026 16:09:37,28-06-2026 16:10:07,31,584564,584564,0,0,1,,0,0,32,41,0,0,0,0,0
Londrina,4518,28-06-2026,28-06-2026 16:05:04,28-06-2026 16:05:42,39,537025,537025,0,0,0,,0,0,33,42,0,0,0,0,0
Londrina,4519,28-06-2026,28-06-2026 16:13:34,28-06-2026 16:14:06,32,,,,0,0,,0,0,37,48,0,0,0,0,0
Londrina,4520,28-06-2026,28-06-2026 16:20:21,28-06-2026 16:20:56,36,524039,524039,0,0,0,,0,0,46.5,70,0,0,0,0,0
Londrina,4520,29-06-2026,29-06-2026 02:57:46,29-06-2026 02:57:46,1,,,,,,,,,,,,,,,
Londrina,4521,28-06-2026,28-06-2026 16:10:39,28-06-2026 16:11:11,33,537397,537397,0,0,0,,0,0,35,46,0,0,0,0,0
Londrina,4522,27-06-2026,27-06-2026 23:51:56,27-06-2026 23:59:11,435,532126,532126,0,0,0,,4.2063492063492065,9,40.648648648648646,74,0,0,0,0,0
Londrina,4522,28-06-2026,28-06-2026 00:11:25,28-06-2026 15:51:09,16479,532126,532257,131,0.055,3,2381.818181818182,31.952902039744377,79,86.27444794952682,96,0,0,0,0,0
Londrina,4523,27-06-2026,27-06-2026 20:00:00,27-06-2026 23:59:59,10433,1312852,1313027,175,0.027,2,6481.481481481482,28.834973709046785,70,84.64383561643835,89,,,,,
Londrina,4523,28-06-2026,28-06-2026 00:00:00,28-06-2026 17:30:46,4784,1313027,1313079,52,0.005,0,10400,26.379250720461094,63,83.70053475935829,87,0,0,0,0,0
Londrina,4524,27-06-2026,27-06-2026 20:00:01,27-06-2026 20:11:02,623,,,,0,,,11.258620689655173,29,60,62,,,,,
Londrina,4524,28-06-2026,28-06-2026 16:12:02,28-06-2026 16:12:54,50,547558,547558,0,0,0,,0,0,62,62,23,10000,10000,2893,0
Londrina,4525,28-06-2026,28-06-2026 16:30:49,28-06-2026 16:31:26,36,397993,397993,0,0,0,,0,0,83,83,0,0,0,0,0
Londrina,4525,29-06-2026,29-06-2026 02:54:58,29-06-2026 02:55:06,9,,,,,,,,,23,23,,,,,
Londrina,4527,29-06-2026,29-06-2026 01:03:00,29-06-2026 01:03:13,13,,,,0,0,,0,0,0,0,0,0,0,0,0
Londrina,4528,27-06-2026,27-06-2026 20:10:02,27-06-2026 22:56:29,9968,278024,278073,49,0.02,2,2450,22.481556546412648,59,82.1522491349481,93,,,,,
Londrina,4528,28-06-2026,28-06-2026 00:32:22,28-06-2026 00:41:33,551,278073,278074,1,0,,,11.38993710691824,27,74.93333333333334,83,,,,,
Londrina,4529,27-06-2026,27-06-2026 20:00:00,27-06-2026 22:58:37,10695,,,,,,,,,26.5,32,,,,,
Londrina,4529,28-06-2026,28-06-2026 01:28:31,28-06-2026 01:28:50,21,,,,0,0,,,,0,0,,,,,
Londrina,4550,27-06-2026,27-06-2026 20:13:57,27-06-2026 20:34:10,1212,483014,483014,0,0,,,9.113095238095237,23,50.06666666666667,65,,,,,
Londrina,4550,28-06-2026,28-06-2026 16:35:47,28-06-2026 16:36:27,40,483014,483014,0,0,0,,0,0,44.5,65,0,0,0,0,0
Londrina,4550,29-06-2026,29-06-2026 02:38:02,29-06-2026 02:59:59,443,,,,,,,,,39.63636363636363,43,,,,,
Londrina,4551,27-06-2026,27-06-2026 21:56:27,27-06-2026 22:05:42,555,524683,524683,0,,,,11.65034965034965,31,48.69565217391305,66,,,,,
Londrina,4551,28-06-2026,28-06-2026 16:36:57,28-06-2026 21:00:29,199,524683,524683,0,0,0,,4.609756097560975,16,34.05,66,0,0,0,0,0
Londrina,4551,29-06-2026,29-06-2026 02:53:01,29-06-2026 02:53:11,11,,,,,,,,,29,29,,,,,
Londrina,4552,27-06-2026,27-06-2026 21:32:43,27-06-2026 21:36:12,210,484747,484747,0,,,,9.842105263157896,25,35.93333333333333,56,,,,,
Londrina,4552,28-06-2026,28-06-2026 16:33:19,28-06-2026 16:34:04,46,484747,484747,0,0,0,,0,0,40,56,0,0,0,0,0
Londrina,4553,28-06-2026,28-06-2026 16:39:54,28-06-2026 16:40:36,43,480479,480479,0,0,0,,0,0,55,87,0,0,0,0,0
Londrina,4553,29-06-2026,29-06-2026 02:49:35,29-06-2026 02:59:59,622,,,,,,,,,29.071428571428573,38,,,,,
Londrina,4554,27-06-2026,27-06-2026 20:00:43,27-06-2026 23:53:19,580,,,,,,,6.921875,23,71.40625,83,,,,,
Londrina,4554,28-06-2026,28-06-2026 00:13:42,28-06-2026 20:23:17,17718,519311,519453,142,0.046,4,3086.9565217391305,33.03755709693791,75,81.9981684981685,89,0,0,0,0,0
Londrina,4554,29-06-2026,29-06-2026 00:09:26,29-06-2026 02:59:59,8657,519453,519527,74,0.024,1,3083.3333333333335,32.632516703786195,79,82.698,88,,,,,
Londrina,4555,27-06-2026,27-06-2026 21:53:33,27-06-2026 21:58:00,267,,,,0,0,,7.550387596899225,25,68.66666666666667,79,,,,,
Londrina,4555,28-06-2026,28-06-2026 00:16:05,28-06-2026 20:57:41,16496,1482508,1482628,120,0.044,3,2727.2727272727275,29.803583115183248,82,83.39545121056493,93,0,0,0,0,0
Londrina,4555,29-06-2026,29-06-2026 00:09:43,29-06-2026 02:59:59,8549,1482628,1482692,64,0.023,1,2782.608695652174,29.886696371737745,84,83.40855457227138,91,,,,,
Londrina,4559,28-06-2026,28-06-2026 16:34:24,28-06-2026 16:35:07,44,367751,367751,0,0,0,,0,0,83,83,0,0,0,0,0
Londrina,4559,29-06-2026,29-06-2026 02:51:28,29-06-2026 02:51:37,10,,,,,,,,,,,,,,,
Londrina,4602,28-06-2026,28-06-2026 05:51:44,28-06-2026 22:45:05,13692,659148,659239,91,0,0,,24.994279585269933,63,81.65670289855072,88,26.132075471698112,8371.135857461024,10000,4936.810126582279,0
Londrina,4602,29-06-2026,29-06-2026 01:25:38,29-06-2026 02:26:29,189,,,,,,,9.821428571428571,19,55.25,62,24.333333333333332,7542.857142857143,10000,,
Londrina,4610,27-06-2026,27-06-2026 20:09:55,27-06-2026 20:59:14,542,313520,313520,0,,,,8.533742331288343,22,50,63,22.9,9418.29457364341,11520,,
Londrina,4610,28-06-2026,28-06-2026 00:13:22,28-06-2026 23:59:18,20706,313520,313627,107,0,0,,27.279851422359123,64,80.48042024832856,87,20.807044410413475,9356.5583317678,11440,4604.821052631579,0
Londrina,4610,29-06-2026,29-06-2026 00:01:04,29-06-2026 02:59:59,10346,313627,313683,56,,,,27.821819486811414,65,82.69776876267748,87,22.31629392971246,9256.600891152133,11280,4586.270833333333,
Londrina,4611,28-06-2026,28-06-2026 01:03:38,28-06-2026 23:52:55,15879,316313,316409,96,0,0,,26.669464847848896,80,80.04081632653062,89,21.317972350230416,9242.34273318872,11120,3060.8545454545456,0
Londrina,4611,29-06-2026,29-06-2026 00:07:27,29-06-2026 02:59:59,9943,316409,316472,63,,,,27.47345473198256,71,82.46350364963503,88,22.603174603174605,9429.734939759037,11120,3102.4411764705883,
